Date,High,Low,Open,Close,Volume,Adj Close,ma7,ma30,ma90,upper_bollinger_band,lower_bollinger_band,daily_returns,sharpe
2020-06-27,9197.546875,8975.525390625,9048.4609375,9143.58203125,14560870760.0,9143.58203125,,,,,,0.0,
2020-06-28,9237.5732421875,9041.8759765625,9140.029296875,9190.8544921875,16460547078.0,9190.8544921875,,,,,,0.005170015512075743,0.006807306677126675
2020-06-29,9217.8359375,9084.837890625,9185.5810546875,9137.9931640625,15735797744.0,9137.9931640625,,,,,,-0.005751513982724221,-0.0008047926249656486
2020-06-30,9309.7548828125,9104.7353515625,9145.9853515625,9228.3251953125,15971550355.0,9228.3251953125,,,,,,0.00988532488788163,0.01220328234555856
2020-07-01,9274.962890625,9036.623046875,9231.1396484375,9123.41015625,16338916796.0,9123.41015625,,,,,,-0.011368806022981404,-0.002904721886065554
2020-07-02,9202.3447265625,9058.794921875,9124.8427734375,9087.3037109375,13078970999.0,9087.3037109375,,,,,,-0.00395756024273064,-0.008103911285219662
2020-07-03,9183.2958984375,9053.6298828125,9084.2333984375,9132.48828125,12290528515.0,9132.48828125,9149.13671875,,,,,0.004972274697731871,-0.0015974889126903489
2020-07-04,9162.18359375,8977.015625,9126.0908203125,9073.9423828125,12903406143.0,9073.9423828125,9139.188197544643,,,,,-0.00641072801130238,-0.010027862371034533
2020-07-05,9375.474609375,9058.6640625,9072.849609375,9375.474609375,17889263252.0,9375.474609375,9165.5625,,,,,0.0332305643833104,0.033394724760848864
2020-07-06,9360.6171875,9201.8154296875,9349.1611328125,9252.27734375,13839652595.0,9252.27734375,9181.88881138393,,,,,-0.01314037643510968,0.015652579273459127
2020-07-07,9450.3359375,9249.5,9253.0205078125,9428.3330078125,19702359883.0,9428.3330078125,9210.461356026786,,,,,0.019028359994139876,0.0410074751606441
2020-07-08,9431.37890625,9234.9990234375,9427.994140625,9277.9677734375,18000702524.0,9277.9677734375,9232.541015625,,,,,-0.015948231171979632,0.019352256993230673
2020-07-09,9287.4716796875,9118.001953125,9273.357421875,9278.8076171875,16860035605.0,9278.8076171875,9259.898716517857,,,,,9.052022711308894e-05,0.01947320381062319
2020-07-10,9293.5322265625,9199.4853515625,9277.51171875,9240.3466796875,13249910444.0,9240.3466796875,9275.307059151786,,,,,-0.004145030168397623,0.013934464069927653
2020-07-11,9319.4189453125,9197.4501953125,9241.0546875,9276.5,14452361907.0,9276.5,9304.243861607143,,,,,0.003912550206798482,0.01914088147929553
2020-07-12,9306.4052734375,9224.29296875,9277.205078125,9243.6142578125,17519821266.0,9243.6142578125,9285.406668526786,,,,,-0.003545059255915528,0.014405021377905853
2020-07-13,9283.841796875,9171.6611328125,9238.703125,9243.2138671875,18085038362.0,9243.2138671875,9284.111886160714,,,,,-4.331537576462985e-05,0.01434736188563172
2020-07-14,9275.3251953125,9171.93359375,9241.8974609375,9192.8369140625,15844731575.0,9192.8369140625,9250.46958705357,,,,,-0.005450155524782674,0.007092782680694235
2020-07-15,9214.3125,9088.947265625,9191.98046875,9132.2275390625,15713967523.0,9132.2275390625,9229.64955357143,,,,,-0.006593108913667822,-0.0016350353985502867
2020-07-16,9182.25390625,9089.2021484375,9131.8125,9151.392578125,13944570749.0,9151.392578125,9211.44740513393,,,9394.599217987909,9026.489942168342,0.002098616025556055,0.0011247173506468277
2020-07-17,9230.9833984375,9100.82421875,9151.18359375,9159.0400390625,12252601475.0,9159.0400390625,9199.83217075893,,,9394.314925688694,9028.320035248806,0.0008356608977502233,0.0022259554799078755
2020-07-18,9201.3984375,9097.6328125,9158.005859375,9185.8173828125,12939002784.0,9185.8173828125,9186.877511160714,,,9394.19546735432,9027.935782645678,0.002923597193133398,0.006081946022960199
2020-07-19,9214.2705078125,9137.509765625,9187.220703125,9164.2314453125,13755604146.0,9164.2314453125,9175.537109375,,,9393.66997190763,9031.08510621737,-0.0023499201650132306,0.002973523415531698
2020-07-20,9407.2626953125,9149.3896484375,9162.5146484375,9374.8876953125,18069581956.0,9374.8876953125,9194.34765625,,,9415.018740298698,9024.392587826302,0.02298678850016933,0.0333101977914256
2020-07-21,9530.5185546875,9319.6533203125,9375.080078125,9525.36328125,16532254884.0,9525.36328125,9241.85142299107,,,9472.532947807824,9007.073692817175,0.016050921443329758,0.05498254015613977
2020-07-22,9610.2470703125,9483.00390625,9527.1416015625,9581.072265625,18146399002.0,9581.072265625,9305.972098214286,,,9531.361564757219,8997.621931336533,0.00584848921034431,0.0630065422691786
2020-07-23,9623.3369140625,9481.4541015625,9585.5146484375,9536.892578125,16552768325.0,9536.892578125,9361.043526785714,,,9570.108372635174,8999.315553146078,-0.004611142289210002,0.05664313268482749
2020-07-24,9704.556640625,9530.2119140625,9539.4853515625,9677.11328125,16610070933.0,9677.11328125,9435.053989955357,,,9632.180582935573,8997.560432689428,0.014702976045533722,0.07684034124235993
2020-07-25,10023.8076171875,9652.84765625,9680.234375,9905.1669921875,20507998997.0,9905.1669921875,9537.81821986607,,,9754.049834875326,8928.660419030924,0.023566295475673238,0.10969233633779603
2020-07-26,11298.2216796875,9903.9697265625,9905.2177734375,10990.873046875,35359749590.0,10990.873046875,9798.767020089286,9343.711653645832,,10270.69300736025,8585.8768168585,0.1096100707382146,0.26614797643129645
2020-07-27,11204.3271484375,10632.6318359375,11017.4638671875,10912.8232421875,28766551142.0,10912.8232421875,10018.472098214286,9402.686360677084,,10575.087491981303,8429.931355674948,-0.007101328925793737,0.2548976650701423
2020-07-28,11304.3974609375,10856.1416015625,10912.953125,11100.4677734375,24617249715.0,11100.4677734375,10243.487025669643,9466.34013671875,,10875.203302414991,8312.06554524126,0.017194865809297744,0.2819460010231774
2020-07-29,11169.3564453125,10895.455078125,11099.8330078125,11111.2138671875,22857247901.0,11111.2138671875,10462.078683035714,9532.11416015625,,11124.372526807078,8246.136945849172,0.0009680757576464583,0.28349509142156876
2020-07-30,11415.8642578125,10987.0537109375,11110.2109375,11323.466796875,23160469766.0,11323.466796875,10717.30357142857,9601.952213541666,,11385.877972040427,8192.943512334572,0.0191025870102548,0.31409384234019666
2020-07-31,11794.775390625,11239.6826171875,11322.5703125,11759.5927734375,26075670303.0,11759.5927734375,11014.80064174107,9689.824967447918,,11715.12105344127,8112.00970827748,0.03851523428168302,0.3769763753113095
2020-08-01,12034.14453125,11018.1298828125,11758.7646484375,11053.6142578125,27410067336.0,11053.6142578125,11178.864536830357,9755.36865234375,,11845.328415973978,8162.802345744772,-0.060034265575901635,0.2751919847034157
2020-08-02,11453.0791015625,11012.4150390625,11043.7685546875,11246.3486328125,20271713443.0,11246.3486328125,11215.361049107143,9825.8306640625,,11988.641931515722,8219.802306765527,0.017436321777176023,0.30297598524623004
2020-08-03,11385.3818359375,11094.1455078125,11246.203125,11205.892578125,21250197042.0,11205.892578125,11257.228097098214,9896.895670572916,,12099.346959999024,8310.402844688477,-0.00359726129861071,0.2971437445491704
2020-08-04,11786.6171875,11158.28515625,11203.8232421875,11747.0224609375,24411254471.0,11747.0224609375,11349.593052455357,9975.947265625,,12278.680857685315,8392.548439189686,0.04828976175167332,0.37516375101754484
2020-08-05,11902.3359375,11598.7138671875,11749.87109375,11779.7734375,23400740340.0,11779.7734375,11445.1015625,10060.197135416667,,12428.3140623207,8505.7533204918,0.002788023660583505,0.3798864256809416
2020-08-06,11898.0380859375,11408.59375,11778.89453125,11601.47265625,23132312867.0,11601.47265625,11484.816685267857,10132.635123697917,,12511.285654077987,8667.024990453265,-0.01513618086086388,0.35417642138558825
2020-08-07,11800.064453125,11558.431640625,11604.5537109375,11754.0458984375,17572057837.0,11754.0458984375,11484.02427455357,10215.171061197916,,12587.388107708315,8847.745388385434,0.013151196120374076,0.37617652113658634
2020-08-08,11806.056640625,11548.7841796875,11737.3251953125,11675.7392578125,17489608833.0,11675.7392578125,11572.89927455357,10295.068782552084,,12608.120863881752,9078.163413462,-0.006662100973708895,0.3648849993445377
2020-08-09,12045.140625,11662.2568359375,11662.2568359375,11878.111328125,26114112569.0,11878.111328125,11663.151088169643,10382.994270833333,,12647.842462112741,9288.764178512258,0.017332698670629254,0.39406713491854184
2020-08-10,11932.7109375,11195.708984375,11881.6474609375,11410.525390625,27039782640.0,11410.525390625,11692.384347098214,10454.128450520833,,12607.32087264439,9517.80197891811,-0.03936534391564839,0.3266452777301264
2020-08-11,11748.396484375,11249.60546875,11404.5966796875,11584.9345703125,25064548486.0,11584.9345703125,11669.228934151786,10532.1724609375,,12555.376352364048,9770.132729667203,0.015284938573538076,0.3517918290310183
2020-08-12,11796.396484375,11216.8720703125,11588.4052734375,11784.1376953125,27522199497.0,11784.1376953125,11669.85239955357,10616.869921875,,12462.97759335254,10087.25600039746,0.017195015111304723,0.3805157549713044
2020-08-13,12150.994140625,11685.455078125,11772.6591796875,11768.87109375,24237958589.0,11768.87109375,11693.76646205357,10702.737727864584,,12317.082729926871,10442.326645073128,-0.0012955213149429268,0.3783143050479078
2020-08-14,11963.203125,11768.697265625,11768.697265625,11865.6982421875,23354924400.0,11865.6982421875,11709.716796875,10793.85341796875,,12133.629630239395,10821.832869760607,0.008227394765919493,0.39227708349349455
2020-08-15,11934.9013671875,11737.1884765625,11866.685546875,11892.8037109375,20583375490.0,11892.8037109375,11740.726004464286,10885.2337890625,,12161.583653946433,10884.071912459818,0.0022843551383793237,0.39618588977504504
2020-08-16,12359.056640625,11806.6962890625,11895.658203125,12254.40234375,28227687027.0,12254.40234375,11794.481863839286,10988.412532552084,,12240.598211737339,10939.215264825161,0.03040482644811049,0.4483357018491637
2020-08-17,12335.70703125,11954.525390625,12251.8955078125,11991.2333984375,26043227672.0,11991.2333984375,11877.440150669643,11081.926399739583,,12265.73218208857,11003.157856973929,-0.021475461465219614,0.4103805805243532
2020-08-18,12028.923828125,11687.3330078125,11990.884765625,11758.283203125,24502851117.0,11758.283203125,11902.20424107143,11168.394791666668,,12249.643894793446,11083.953077862805,-0.019426708460436926,0.37678753631250345
2020-08-19,11900.4111328125,11710.0634765625,11761.5,11878.3720703125,20175242945.0,11878.3720703125,11915.666294642857,11251.844270833333,,12261.178766220844,11127.908733779157,0.01021312934149976,0.3941047358260876
2020-08-20,11899.259765625,11564.9794921875,11878.0263671875,11592.4892578125,23762425999.0,11592.4892578125,11890.46888950893,11320.748470052084,,12253.712274130055,11118.664874307444,-0.024067507803910648,0.352881121447638
2020-08-21,11689.4072265625,11448.8056640625,11585.4775390625,11681.8251953125,20224191306.0,11681.8251953125,11864.20131138393,11390.773567708333,,12201.014881243118,11234.183360944382,0.007706363621583279,0.3657625536259177
2020-08-22,11713.4296875,11559.9208984375,11679.6962890625,11664.84765625,18482062658.0,11664.84765625,11831.636160714286,11461.705403645834,,12169.430072326624,11307.618072204627,-0.0014533293195752028,0.36331450452919406
2020-08-23,11807.6318359375,11623.25,11663.689453125,11774.595703125,20681511755.0,11774.595703125,11763.092354910714,11531.621484375,,12117.421660169592,11416.496796861658,0.00940844236539995,0.37913979411873283
2020-08-24,11778.2998046875,11189.8505859375,11773.5888671875,11366.134765625,26301509932.0,11366.134765625,11673.792550223214,11580.32041015625,,12141.661383793456,11354.168303706545,-0.034690018052305094,0.3202453142199425
2020-08-25,11530.052734375,11296.9931640625,11366.89453125,11488.36328125,22466660958.0,11488.36328125,11635.23256138393,11596.90341796875,,12143.358110847073,11323.330561027926,0.010753745063331488,0.3378677902776947
2020-08-26,11570.7861328125,11185.94140625,11485.6083984375,11323.3974609375,23240415076.0,11323.3974609375,11555.950474330357,11610.589225260417,,12165.553298269011,11273.32785407474,-0.01435938403704018,0.31408384623179925
2020-08-27,11545.615234375,11316.4228515625,11325.2958984375,11542.5,19807127588.0,11542.5,11548.809151785714,11625.3236328125,,12161.505005421614,11256.221557078386,0.01934954061432026,0.3456733621017693
2020-08-28,11585.640625,11466.29296875,11541.0546875,11506.865234375,17485597759.0,11506.865234375,11523.814871651786,11638.51201171875,,12161.877591605438,11238.961568550812,-0.0030872658111327222,0.3405354268815951
2020-08-29,11715.2646484375,11492.3818359375,11508.7138671875,11711.505859375,19760127945.0,11711.505859375,11530.48032924107,11651.446647135417,,12145.994533722189,11238.18407955906,0.017784220187846422,0.37004235659209994
2020-08-30,11768.876953125,11598.318359375,11713.306640625,11680.8203125,22285928250.0,11680.8203125,11517.08384486607,11648.8208984375,,12139.882176389121,11271.32592907963,-0.0026201196706430174,0.36561765560959003
2020-08-31,12067.0810546875,11601.12890625,11679.31640625,11970.478515625,27311555343.0,11970.478515625,11603.418666294643,11679.383040364582,,12170.68111580467,11279.081384195331,0.024797762089964426,0.40738743460185056
2020-09-01,11964.8232421875,11290.7939453125,11964.8232421875,11414.0341796875,28037405299.0,11414.0341796875,11592.800223214286,11684.97255859375,,12172.099951270453,11240.652197167046,-0.04648471948812871,0.3271511589148412
2020-09-02,11443.0224609375,10182.46484375,11407.19140625,10245.296875,31927261555.0,10245.296875,11438.785853794643,11652.952701822916,,12430.86180377497,10829.53292278753,-0.10239476124641311,0.15869704093334705
2020-09-03,10663.919921875,10207.9404296875,10230.365234375,10511.8134765625,29965130374.0,10511.8134765625,11291.544921875,11611.779069010418,,12497.070123073074,10627.936126926925,0.02601355576262887,0.19710208563225684
2020-09-04,10581.5712890625,9946.67578125,10512.5302734375,10169.5673828125,44916565292.0,10169.5673828125,11100.502371651786,11558.105533854166,,12584.342622827156,10368.339994360344,-0.03255823502891142,0.14778541847861504
2020-09-05,10353.927734375,10056.8857421875,10167.216796875,10280.3515625,37071460174.0,10280.3515625,10896.0517578125,11514.0681640625,,12543.972341715047,10211.305197347452,0.010893696409813414,0.16374811038696857
2020-09-06,10399.1533203125,9916.4931640625,10280.998046875,10369.5634765625,33703098409.0,10369.5634765625,10708.72935267857,11467.91875,,12507.888881144314,10085.221665730685,0.00867790498409815,0.17660318300585073
2020-09-07,10414.775390625,9945.1103515625,10369.306640625,10131.5166015625,33430927462.0,10131.5166015625,10446.0205078125,11416.444661458334,,12511.49641417071,9918.937472548041,-0.022956306264775628,0.14230297080955975
2020-09-08,10350.54296875,10017.2509765625,10134.1513671875,10242.34765625,24128292755.0,10242.34765625,10278.63671875,11361.919205729168,,12459.628244233858,9807.20320107864,0.010939236349907233,0.15827208901574794
2020-09-09,10503.912109375,10238.1357421875,10242.330078125,10363.138671875,54406443211.0,10363.138671875,10295.471261160714,11327.006315104167,,12422.308880456367,9721.587506262382,0.011793293850096198,0.17567737445453127
2020-09-10,10434.9228515625,10140.8369140625,10369.0283203125,10400.9150390625,45201121775.0,10400.9150390625,10279.628627232143,11287.538997395834,,12357.974841529352,9657.830529564397,0.0036452631180188266,0.18112096014236723
2020-09-11,10578.837890625,10292.38671875,10409.861328125,10442.1708984375,36750077324.0,10442.1708984375,10318.571986607143,11242.806770833333,,12282.238744293478,9611.298951019024,0.003966560559340859,0.18706606611631457
2020-09-12,10577.21484375,10224.330078125,10452.3994140625,10323.755859375,36506852789.0,10323.755859375,10324.77260044643,11194.636263020833,,12177.593373475214,9570.860337462287,-0.011340078630605377,0.1700024159292003
2020-09-13,10800.0107421875,10266.0087890625,10328.734375,10680.837890625,35453581940.0,10680.837890625,10369.24037388393,11155.14091796875,,12124.778168179824,9555.145855257675,0.0345883839286778,0.2214612942884891
2020-09-14,10938.6318359375,10656.4599609375,10677.7548828125,10796.951171875,32509451925.0,10796.951171875,10464.302455357143,11118.6125,,12053.429684281906,9557.353128218096,0.010871177190313608,0.23819636792053095
2020-09-15,11100.1240234375,10704.884765625,10797.76171875,10974.9052734375,30769986455.0,10974.9052734375,10568.953543526786,11075.96259765625,,12015.10983486755,9560.82375888245,0.01648188444401355,0.263846302173492
2020-09-16,11037.4208984375,10774.6279296875,10973.251953125,10948.990234375,38151810523.0,10948.990234375,10652.64662388393,11041.221158854167,,11936.329434172496,9580.253183015006,-0.0023612995663134795,0.26011081887235893
2020-09-17,11034.908203125,10829.6572265625,10951.8203125,10944.5859375,26341903912.0,10944.5859375,10730.313895089286,11014.097916666668,,11858.796484793947,9601.558202706052,-0.00040225598714782596,0.25947597313791154
2020-09-18,11134.0927734375,10909.6181640625,10933.7529296875,11094.3466796875,22764204008.0,11094.3466796875,10823.481863839286,10987.963736979167,,11745.719722090129,9652.919047441123,0.013683545731443925,0.28106362570706905
2020-09-19,11095.8701171875,10814.4775390625,11095.8701171875,10938.271484375,24699523788.0,10938.271484375,10911.269810267857,10966.156477864582,,11610.011047789481,9714.37283892927,-0.014067993350005525,0.2585657954342866
2020-09-20,10988.3046875,10380.2607421875,10934.92578125,10462.259765625,28884999244.0,10462.259765625,10880.044363839286,10925.504296875,,11309.61722383224,9863.94478788651,-0.04351800185522625,0.18996098529372493
2020-09-21,10568.0771484375,10382.7265625,10459.6240234375,10538.4599609375,23621787804.0,10538.4599609375,10843.11704799107,10887.958040364583,,11151.969244108841,9934.035345734908,0.0072833400259153525,0.20094214155818288
2020-09-22,10637.84765625,10185.7744140625,10539.45703125,10225.8642578125,22986733997.0,10225.8642578125,10736.11118861607,10836.333658854166,,11153.056148225689,9931.005179899312,-0.029662370430184937,0.15589701421075458
2020-09-23,10765.794921875,10215.205078125,10227.4794921875,10745.548828125,23017536742.0,10745.548828125,10707.048130580357,10815.6474609375,,11171.216228547963,9936.218634733288,0.050820601292009604,0.2307877728383045
2020-09-24,10757.548828125,10594.0478515625,10747.47265625,10702.2900390625,21232549821.0,10702.2900390625,10672.43443080357,10789.44501953125,10576.686697048612,11173.56259268799,9987.144536218262,-0.004025740309259618,0.22455305564561057
2020-09-25,10778.5,10682.08203125,10702.2373046875,10754.4375,18105012128.0,10754.4375,10623.8759765625,10770.4796875,10594.585091145833,11184.543440229601,10023.572282426649,0.004872551645224155,0.2320688789035019
2020-09-26,10804.732421875,10643.4580078125,10752.939453125,10774.4267578125,18016880214.0,10774.4267578125,10600.46958705357,10744.87724609375,10612.180338541666,11198.559153727065,10050.042897054185,0.00185869858953569,0.23494991098009022
2020-09-27,10949.123046875,10716.6767578125,10771.6416015625,10721.3271484375,22720365389.0,10721.3271484375,10637.479213169643,10718.692643229168,10629.772938368056,11180.069975432332,10127.51313003642,-0.004928300184183554,0.2272967814204821
2020-09-28,10858.939453125,10665.3447265625,10712.462890625,10848.830078125,20459870042.0,10848.830078125,10681.817801339286,10689.936783854168,10647.778548177082,11179.56136291561,10188.669984740638,0.011892457708100324,0.24567384676852058
2020-09-29,10856.5283203125,10689.6708984375,10845.4111328125,10787.6181640625,20759622010.0,10787.6181640625,10762.068359375,10660.16337890625,10666.269748263889,11178.769003853477,10231.910293021525,-0.005642259453019216,0.23685119152729153
2020-09-30,10915.84375,10493.552734375,10785.0107421875,10623.330078125,27178227816.0,10623.330078125,10744.60853794643,10615.258430989583,10683.336707899305,11169.803709026923,10263.117091754326,-0.015229319710703515,0.2131732289742457
2020-10-01,10662.8134765625,10440.3115234375,10624.390625,10585.1640625,23127839259.0,10585.1640625,10727.876255580357,10587.629427083333,10699.477549913194,11163.0360918327,10284.184025354798,-0.0035926602434758204,0.20767285305288
2020-10-02,10614.091796875,10527.978515625,10583.806640625,10565.4931640625,17094010304.0,10565.4931640625,10700.884207589286,10598.30263671875,10716.050336371527,11140.769525312438,10330.624322343812,-0.0018583461079444419,0.20483798264026504
2020-10-03,10700.791015625,10531.3427734375,10567.919921875,10684.4287109375,17546792792.0,10684.4287109375,10688.02734375,10604.056477864584,10730.594270833333,11140.849857258225,10330.903072429275,0.011256980154939367,0.22197881393973037
2020-10-04,10804.0009765625,10646.443359375,10688.0341796875,10804.0009765625,19385191766.0,10804.0009765625,10699.837890625,10625.204264322916,10747.83564453125,11141.438381099359,10331.01952905689,0.011191264302469861,0.23921246805419435
2020-10-05,10803.4560546875,10565.197265625,10799.7783203125,10621.6640625,22264958686.0,10621.6640625,10667.38560267857,10636.58134765625,10761.094878472222,11110.55091325994,10326.58287580256,-0.016876795407372636,0.21293312533956704
2020-10-06,10687.2685546875,10591.9638671875,10619.8037109375,10679.13671875,17634388529.0,10679.13671875,10651.888253348214,10646.900455729166,10776.663422309028,11081.948695740173,10328.199741759827,0.005410890036798399,0.2212161166975092
2020-10-07,10939.7998046875,10569.8232421875,10677.625,10923.6279296875,21962121001.0,10923.6279296875,10694.78794642857,10673.304166666667,10794.939203559028,11078.20363726547,10329.84899945328,0.022894286062302482,0.2564550557793489
2020-10-09,11442.2109375,11056.9404296875,11059.142578125,11296.361328125,22877978588.0,11296.361328125,10796.38755580357,10708.437955729167,10817.783810763889,11140.003594997723,10288.250506564777,0.03412175889152258,0.31018609363192756
2020-10-10,11428.8134765625,11288.6279296875,11296.08203125,11384.181640625,19968627060.0,11384.181640625,10913.343052455357,10742.472721354166,10841.202495659722,11249.473716344106,10223.371400843393,0.0077742124166433335,0.32284718354172226
2020-10-13,11539.9775390625,11307.8310546875,11429.0478515625,11429.5068359375,24103426719.0,11429.5068359375,11019.782784598214,10776.759114583334,10865.490190972223,11366.746081627709,10202.823742591041,0.003981418844438922,0.32938194605578625
2020-10-14,11569.9140625,11303.603515625,11426.6025390625,11495.349609375,24487233058.0,11495.349609375,11118.546875,10811.865071614584,10890.513921440972,11482.676944353969,10182.581844708531,0.005760771167350187,0.33887508572817304
2020-10-15,11540.0615234375,11223.0126953125,11502.828125,11322.123046875,25635480772.0,11322.123046875,11218.61244419643,10845.143977864584,10914.17265625,11506.188020848685,10268.696647120063,-0.01506927308750361,0.31390011500372184
2020-10-16,11386.26171875,11285.345703125,11322.123046875,11358.1015625,19130430174.0,11358.1015625,11315.607421875,10867.71943359375,10938.90458984375,11567.141350862583,10268.998590543668,0.0031777181254826203,0.31908715178532976
2020-10-17,11483.359375,11347.578125,11355.982421875,11483.359375,18283314340.0,11483.359375,11395.569056919643,10890.59970703125,10964.81533203125,11644.396084678594,10269.850790321407,0.011028058853915557,0.3371463243775983
2020-10-18,11799.0927734375,11408.2900390625,11495.0380859375,11742.037109375,23860769928.0,11742.037109375,11459.237025669643,10916.170768229167,10993.515299479166,11770.13363552359,10242.87320041391,0.02252631185070797,0.3744448721384809
2020-10-19,11999.91796875,11681.48046875,11745.974609375,11916.3349609375,30915821592.0,11916.3349609375,11535.25892857143,10948.415592447916,11023.854383680555,11919.366739565943,10207.830916684055,0.014843919324981414,0.3995793074514941
2020-10-20,13184.56640625,11900.9287109375,11913.0771484375,12823.689453125,43414712626.0,12823.689453125,11734.42787388393,11011.052376302083,11064.515028211805,12314.728944232082,10022.70494248667,0.07614375520341321,0.5304554696520188
2020-10-21,13161.59375,12717.09375,12801.6357421875,12965.8916015625,34729759598.0,12965.8916015625,11944.505301339286,11073.43720703125,11104.415071614583,12661.865254304928,9887.27478475757,0.011089019970212055,0.5509713262147167
2020-10-22,13015.9619140625,12752.6474609375,12971.548828125,12931.5390625,28974975003.0,12931.5390625,12174.421875,11139.879459635416,11142.261469184028,12932.344753296122,9831.187375610127,-0.0026494544392426933,0.5460150861368641
2020-10-23,13145.06640625,12885.7470703125,12931.57421875,13108.0625,24542317940.0,13108.0625,12424.416294642857,11228.072884114583,11181.450249565973,13192.891897365036,9819.113473728714,0.0136506131750318,0.5714839136175695
2020-10-24,13329.18359375,12910.0615234375,13108.0634765625,13031.173828125,24406920575.0,13031.173828125,12645.532645089286,11311.163346354168,11220.275596788195,13387.228223384001,9869.378124272247,-0.0058657541398662305,0.560390170949143
2020-10-26,13225.2978515625,12822.3828125,13031.201171875,13075.248046875,29461458313.0,13075.248046875,12835.99135044643,11406.142805989582,11258.032649739584,13551.144129161343,9956.437706776158,0.003382214014740148,0.5667492957434429
2020-10-27,13759.6689453125,13060.837890625,13075.2421875,13654.21875,33749878156.0,13654.21875,13084.260463169643,11503.098470052084,11299.688780381945,13814.67109563325,9989.8897442105,0.04427990207523247,0.6502952768167183
2020-10-28,13837.6953125,12932.2509765625,13654.21484375,13271.28515625,35867318895.0,13271.28515625,13148.202706473214,11588.731640625,11325.026692708334,13957.944193227879,10093.34506458462,-0.02804507535445777,0.595035384599893
2020-10-29,13612.0478515625,12980.0595703125,13271.298828125,13437.8828125,56499499598.0,13437.8828125,13215.63002232143,11678.179817708333,11353.08291015625,14078.311291186405,10254.599841626095,0.012553242153156674,0.6190754815713335
2020-10-30,13651.5166015625,13136.1982421875,13437.8740234375,13546.5224609375,30581485201.0,13546.5224609375,13303.484793526786,11770.5830078125,11380.261295572916,14181.696177975511,10437.95352905574,0.00808458072996765,0.6347531046895165
2020-10-31,14028.2138671875,13457.5302734375,13546.5322265625,13780.9951171875,30306464719.0,13780.9951171875,13399.61802455357,11872.571940104166,11409.925531684028,14315.238634941576,10590.147790839674,0.01730869726353168,0.6685918523903825
2020-11-01,13862.033203125,13628.3779296875,13780.9951171875,13737.109375,24453857900.0,13737.109375,13500.46595982143,11968.847916666668,11436.743782552083,14438.109960858032,10711.35126961072,-0.003184511845067406,0.6622580839090583
2020-11-02,13808.3232421875,13243.16015625,13737.0322265625,13550.4892578125,30771455468.0,13550.4892578125,13568.35756138393,12060.943619791668,11456.642632378473,14506.456387586528,10859.635604600971,-0.013585108198026608,0.6353255602810902
2020-11-03,13984.9814453125,13325.44140625,13550.451171875,13950.30078125,29869951617.0,13950.30078125,13610.654994419643,12171.842643229167,11488.828038194444,14616.076508224813,11002.094878493937,0.02950532012761009,0.6930277714094611
2020-11-04,14218.7666015625,13580.4716796875,13950.48828125,14133.70703125,35116364962.0,14133.70703125,13733.858119419643,12290.127408854167,11520.909798177083,14729.295767701373,11152.711361204878,0.013147117963686394,0.7195006739453996
2020-11-05,15706.404296875,14102.0888671875,14133.7333984375,15579.8486328125,40856321439.0,15579.8486328125,14039.853236607143,12457.272591145833,11569.509309895833,15134.148496515287,11173.631190984712,0.10231863433740651,0.9283015361921828
2020-11-06,15903.4375,15226.83984375,15579.7294921875,15565.880859375,39837841971.0,15565.880859375,14328.3330078125,12619.987662760417,11611.941069878472,15433.315724349814,11295.241892837686,-0.0008965281862933772,0.9262842745597031
2020-11-07,15737.095703125,14423.203125,15565.880859375,14833.75390625,35024953706.0,14833.75390625,14478.727120535714,12754.312760416668,11645.874186197916,15499.676490578562,11563.920579733936,-0.0470340843373509,0.820562804150867
2020-11-08,15637.3203125,14744.1103515625,14833.75390625,15479.5673828125,26632075029.0,15479.5673828125,14727.649693080357,12916.24287109375,11688.964127604168,15680.772917558847,11756.577180097403,0.04353675277640923,0.9138188826708205
2020-11-09,15785.13671875,14865.529296875,15479.595703125,15332.3154296875,34149115566.0,15332.3154296875,14982.1962890625,13071.348828125,11728.72267795139,15784.54482939191,11994.403315139338,-0.009512665921690977,0.892553641384364
2020-11-10,15450.3291015625,15124.9599609375,15332.3505859375,15290.90234375,25574938143.0,15290.90234375,15173.71079799107,13216.924641927084,11768.891156684027,15936.777486067303,12088.891947526447,-0.0027010327388199418,0.8865732148967481
2020-11-11,15916.2607421875,15290.0068359375,15290.9091796875,15701.33984375,29772374934.0,15701.33984375,15397.65834263393,13363.757259114584,11811.371473524305,16147.67017913153,12151.544078680969,0.02684194109497806,0.9458480275020381
2020-11-12,16305.00390625,15534.771484375,15701.298828125,16276.34375,34175758344.0,16276.34375,15497.157645089286,13526.829329427082,11865.436121961806,16441.54665823722,12192.148068325278,0.03662132734990031,1.0289036027398697
2020-11-13,16463.177734375,15992.15234375,16276.4404296875,16317.80859375,31599492172.0,16317.80859375,15604.575892857143,13689.772721354168,11918.023611111112,16700.216164313406,12254.453171624093,0.002547552717421464,1.0348935616878312
2020-11-14,16317.80859375,15749.193359375,16317.80859375,16068.138671875,27481710135.0,16068.138671875,15780.916573660714,13842.1990234375,11965.623621961806,16851.027976918147,12407.337843394353,-0.015300456580341737,0.998827835481396
2020-11-15,16123.1103515625,15793.5341796875,16068.1396484375,15955.587890625,23653867583.0,15955.587890625,15848.919503348214,13996.6478515625,12012.142697482639,16943.751486881607,12602.648317805892,-0.007004593596581565,0.9825704735080582
2020-11-16,16816.181640625,15880.7060546875,15955.5771484375,16716.111328125,31526766675.0,16716.111328125,16046.60463169643,14175.248177083333,12066.036176215277,17194.27179102396,12658.317271476039,0.04766502135260464,1.0924361127904316
2020-11-17,17782.919921875,16564.544921875,16685.69140625,17645.40625,39006849170.0,17645.40625,16382.962332589286,14380.649739583334,12129.953982204861,17578.56153678655,12711.439635088447,0.05559276937282975,1.2267198557011647
2020-11-18,18393.94921875,17352.90625,17645.19140625,17804.005859375,49064800278.0,17804.005859375,16683.343191964286,14582.715364583333,12191.616243489583,17931.67489564548,12794.93858091702,0.008988152900985202,1.249641557162331
2020-11-19,18119.546875,17382.5546875,17803.861328125,17817.08984375,36985055355.0,17817.08984375,16903.449776785714,14779.407194010417,12256.347981770834,18218.282292129345,12935.387922714404,0.0007348899162549216,1.2515325780403967
2020-11-20,18773.2265625,17765.794921875,17817.083984375,18621.314453125,36992873940.0,18621.314453125,17232.522042410714,14972.661360677082,12332.603884548611,18647.809744184964,12989.892404252536,0.045137820846602006,1.3677811840102625
2020-11-21,18936.62109375,18444.359375,18621.31640625,18642.232421875,39650210707.0,18642.232421875,17600.24972098214,15161.872721354166,12407.75788845486,18982.25754625651,13145.95690686849,0.0011233347035009,1.3708051971821846
2020-11-22,18688.96875,17671.384765625,18642.232421875,18370.001953125,41280434226.0,18370.001953125,17945.166015625,15343.154817708333,12483.063585069445,19144.1559563891,13466.00976626715,-0.014602889964538845,1.3314515773318123
2020-11-23,18711.42578125,18000.796875,18370.017578125,18364.12109375,42741112308.0,18364.12109375,18180.59598214286,15518.356770833334,12557.311317274305,19279.035884715315,13772.511869190932,-0.000320133845930215,1.3306014759471358
2020-11-24,19348.271484375,18128.65625,18365.015625,19107.46484375,51469565009.0,19107.46484375,18389.461495535714,15720.8998046875,12640.007063802082,19516.46935369167,14032.454181464582,0.040478046632625775,1.4380664723841514
2020-11-25,19390.96484375,18581.146484375,19104.41015625,18732.12109375,43710357371.0,18732.12109375,18522.049386160714,15909.462239583334,12717.312901475694,19746.394604298235,14117.756176951765,-0.01964382784787766,1.3838001957164758
2020-11-26,18866.28515625,16351.03515625,18729.83984375,17150.623046875,61396835737.0,17150.623046875,18426.83984375,16026.009049479168,12781.584993489583,19751.945166640926,14270.679833359074,-0.08442706722639481,1.1552183644327667
2020-11-27,17445.0234375,16526.423828125,17153.9140625,17108.40234375,38886494645.0,17108.40234375,18210.709542410714,16153.912955729167,12844.029871961806,19666.761455275453,14583.328388474545,-0.0024617591448197196,1.1491175407021077
2020-11-28,17853.939453125,16910.65234375,17112.93359375,17717.4140625,32601040734.0,17717.4140625,18078.592633928572,16296.563997395833,12915.074500868055,19668.28693197635,14805.587579742401,0.03559722915754793,1.2371266869088071
2020-11-29,18283.62890625,17559.1171875,17719.634765625,18177.484375,31133957704.0,18177.484375,18051.09012276786,16450.92939453125,12988.796549479166,19670.218742459034,15088.172663790963,0.02596712538731971,1.3036231848787747
2020-11-30,19749.263671875,18178.322265625,18178.322265625,19625.8359375,47728480399.0,19625.8359375,18231.335100446428,16645.757421875,13079.007335069444,19875.304108656346,15316.580656968654,0.07967832801396635,1.5130209250498508
2020-12-01,19845.974609375,18321.921875,19633.76953125,18802.998046875,49633658712.0,18802.998046875,18187.83984375,16814.620377604166,13157.801692708334,19906.31388429701,15595.736701640486,-0.04192625951044282,1.3940469561434017
2020-12-02,19308.330078125,18347.71875,18801.744140625,19201.091796875,37387697139.0,19201.091796875,18254.83565848214,17002.973795572918,13241.360264756944,20028.006424488805,15766.518966136196,0.021171823185194727,1.451603746921072
2020-12-03,19566.19140625,18925.78515625,19205.92578125,19445.3984375,31930317405.0,19445.3984375,18582.660714285714,17186.143717447918,13324.414930555555,20155.184733397087,15952.099641602916,0.012723580680175761,1.4869291088160423
2020-12-04,19511.404296875,18697.193359375,19446.966796875,18699.765625,33872388058.0,18699.765625,18809.99832589286,17338.345670572915,13405.367502170138,20082.993049081866,16287.45402123063,-0.038344949058079725,1.3791226003587023
2020-12-05,19160.44921875,18590.193359375,18698.384765625,19154.23046875,27242455064.0,19154.23046875,19015.2578125,17457.491731770835,13504.355653211805,19971.47841126276,16718.832916862237,0.024303237423597412,1.4448281453490248
2020-12-06,19390.5,18897.89453125,19154.1796875,19345.12109375,25293775714.0,19345.12109375,19182.063058035714,17583.46640625,13602.503515625,19967.911321828185,16985.300982859313,0.009965977245154134,1.472429273041322
2020-12-07,19411.828125,18931.142578125,19343.12890625,19191.630859375,26896357742.0,19191.630859375,19120.033761160714,17728.728971354165,13702.748665364583,20023.95385156165,17083.880914063346,-0.007934312410408761,1.450235798340138
2020-12-08,19283.478515625,18269.9453125,19191.529296875,18321.14453125,31692288756.0,18321.14453125,19051.19754464286,17823.448209635415,13792.090809461806,20011.977520126202,17147.571112686295,-0.0453576006387062,1.324389090135046
2020-12-09,18626.29296875,17935.546875,18320.884765625,18553.916015625,34420373071.0,18553.916015625,18958.74386160714,17930.834895833334,13883.028059895832,20003.400166839398,17229.8310831606,0.012705073309037251,1.3580378336838386
2020-12-10,18553.298828125,17957.064453125,18553.298828125,18264.9921875,25547132265.0,18264.9921875,18790.114397321428,18029.971223958335,13973.400010850695,19994.45688718301,17203.14213625449,-0.015572121156616547,1.3162722282327983
2020-12-11,18268.453125,17619.533203125,18263.9296875,18058.904296875,27919640985.0,18058.904296875,18698.56277901786,18108.556705729166,14060.250640190972,19985.700269447745,17153.565941489756,-0.011283218109780502,1.286483256075642
2020-12-12,18919.55078125,18046.041015625,18051.3203125,18803.65625,21752580802.0,18803.65625,18648.48074776786,18192.800455729168,14154.034168836806,20007.79261663743,17174.839023987566,0.041240151721379625,1.3941421143042831
2020-12-13,19381.53515625,18734.33203125,18806.765625,19142.3828125,25450468637.0,19142.3828125,18619.518136160714,18286.9529296875,14251.161588541667,20063.09161058189,17197.366201918107,0.018013866983980886,1.443115126872584
2020-12-14,19305.099609375,19012.708984375,19144.4921875,19246.64453125,22473997681.0,19246.64453125,18627.37723214286,18392.903125,14348.989073350695,20081.118877340898,17193.2569039091,0.005446642655266398,1.458190228427662
2020-12-15,19525.0078125,19079.841796875,19246.919921875,19417.076171875,26741982541.0,19417.076171875,18783.938895089286,18508.286067708334,14450.025965711806,20156.746495825224,17186.12479323728,0.008855135259981495,1.4828337430980956
2020-12-16,21458.908203125,19298.31640625,19418.818359375,21310.59765625,44409011479.0,21310.59765625,19177.750558035714,18661.435611979166,14568.134407552083,20612.47188320359,17146.39686679641,0.09751836309514528,1.756704870807893
2020-12-17,23642.66015625,21234.67578125,21308.3515625,22805.162109375,71378606374.0,22805.162109375,19826.346261160714,18833.427473958334,14701.558973524305,21454.681219927075,16873.86350663542,0.07013245133867341,1.9729678949297877
2020-12-18,23238.6015625,22399.8125,22806.796875,23137.9609375,40387896275.0,23137.9609375,20551.92578125,19011.2259765625,14836.704036458334,22231.76574723237,16638.833666830127,0.014593135822884129,2.021134602691811
2020-12-19,24085.85546875,22826.47265625,23132.865234375,23869.83203125,38487546580.0,23869.83203125,21275.665178571428,19212.984049479168,14980.2689453125,23079.39362878498,16360.440550902526,0.03163075154837203,2.1270732713981353
2020-12-20,24209.66015625,23147.7109375,23861.765625,23477.294921875,37844228422.0,23477.294921875,21894.938337053572,19374.850065104165,15119.521267361111,23667.521541307702,16157.4585368173,-0.01644490454985592,2.070251088156024
2020-12-21,24059.982421875,22159.3671875,23474.455078125,22803.08203125,45852713981.0,22803.08203125,22403.000837053572,19513.545052083333,15249.618326822916,24040.8194072914,16184.169069271102,-0.028717656479103182,1.9726668527588853
2020-12-22,23789.90234375,22430.60546875,22794.0390625,23783.029296875,44171632681.0,23783.029296875,23026.708426339286,19693.979296875,15392.337858072917,24569.150422896462,16114.031803666037,0.042974334095805755,2.1145075904128707
2020-12-23,24024.490234375,22802.646484375,23781.974609375,23241.345703125,51146161904.0,23241.345703125,23302.52957589286,19856.553450520834,15534.327701822916,24927.036533436323,16135.740419688678,-0.022776055438033516,2.0360984873178496
2020-12-24,23768.337890625,22777.59765625,23240.203125,23735.94921875,41080759713.0,23735.94921875,23435.499162946428,20010.836263020832,15680.966471354166,25312.038306315888,16254.357006184107,0.021281190940612982,2.1076923203920743
2020-12-25,24710.1015625,23463.673828125,23733.5703125,24664.791015625,42068395846.0,24664.791015625,23653.617745535714,20208.591927083333,15841.398990885416,25834.085858327944,16283.365508859559,0.03913227940938091,2.242164204733901
2020-12-26,26718.0703125,24522.689453125,24677.015625,26437.037109375,48332647295.0,26437.037109375,24020.361328125,20518.1390625,16015.748860677084,26680.785415384307,16145.857553365691,0.07185327832809496,2.4988154519877104
2020-12-27,28288.83984375,25922.76953125,26439.373046875,26272.294921875,66479895605.0,26272.294921875,24419.647042410714,20823.6021484375,16188.748914930555,27348.54981910734,16186.15955589266,-0.0062314920850786715,2.4749538958066424
2020-12-28,27389.111328125,26207.640625,26280.822265625,27084.80859375,49056742893.0,27084.80859375,25031.322265625,21135.8486328125,16370.197482638889,28018.773640100466,16392.302141149536,0.03092663485588698,2.5926477409505986
2020-12-29,27370.720703125,25987.298828125,27081.810546875,27362.4375,45265946774.0,27362.4375,25542.66629464286,21442.013736979166,16554.50871310764,28626.632659216903,16665.2952704706,0.010250355112868093,2.6328672007418126
2020-12-30,28937.740234375,27360.08984375,27360.08984375,28840.953125,51287442704.0,28840.953125,26342.610212053572,21749.184309895834,16755.837890625,29390.062658963692,16959.46136447381,0.054034499850387885,2.847093686949914
2020-12-31,29244.876953125,28201.9921875,28841.57421875,29001.720703125,46754964848.0,29001.720703125,27094.86328125,22089.141731770833,16957.536675347223,29967.51613101478,17476.28953304772,0.005574281038085438,2.870391479792442
2021-01-01,29600.626953125,28803.5859375,28994.009765625,29374.15234375,40730301359.0,29374.15234375,27767.62918526786,22428.24375,17164.053721788194,30532.54112200802,17968.314151429477,0.012841708408869223,2.924365506931969
2021-01-02,33155.1171875,29091.181640625,29376.455078125,32127.267578125,67865420765.0,32127.267578125,28580.51925223214,22850.972721354166,17402.986360677085,31627.158864441233,18172.184885558767,0.09372577639540935,3.323470045426915
2021-01-03,34608.55859375,32052.31640625,32129.408203125,32782.0234375,78665235202.0,32782.0234375,29510.48046875,23320.381315104165,17649.618131510415,32625.069795862924,18527.811844762073,0.020380066800975483,3.418414908095353
2021-01-04,33440.21875,28722.755859375,32810.94921875,31971.9140625,81163475344.0,31971.9140625,30208.63839285714,23747.637434895834,17887.467252604165,33178.99706003904,19229.36836964847,-0.024712000360334718,3.3009440936983023
2021-01-05,34437.58984375,30221.1875,31977.041015625,33992.4296875,67547324782.0,33992.4296875,31155.780133928572,24235.8810546875,18146.44504123264,34233.09953351697,19443.44909929552,0.06319658000613337,3.5939609057876374
2021-01-06,36879.69921875,33514.03515625,34013.61328125,36824.36328125,75289433811.0,36824.36328125,32296.26729910714,24823.638802083333,18435.56017795139,35916.8413518046,19161.627398195404,0.08331071417326141,4.004810606170878
2021-01-07,40180.3671875,36491.19140625,36833.875,39371.04296875,84762141031.0,39371.04296875,33777.59905133928,25525.302083333332,18754.997721354168,37984.38549412851,18717.39145899649,0.0691574669750421,4.374425608434922
2021-01-08,41946.73828125,36838.63671875,39381.765625,40797.609375,88107519480.0,40797.609375,35409.521484375,26266.758528645834,19089.64741753472,40068.1342770755,18326.4204104245,0.0362338992996023,4.581529951415721
2021-01-09,41436.3515625,38980.875,40788.640625,40254.546875,61984162837.0,40254.546875,36570.56138392857,26999.743684895835,19415.546516927083,41614.74972190613,18457.530160906364,-0.013311135341493308,4.502685095910416
2021-01-10,41420.19140625,35984.62890625,40254.21875,38356.44140625,79980747690.0,38356.44140625,37366.90680803572,27676.328255208333,19716.214073350693,42436.10871937623,19191.507100936273,-0.047152573214749416,4.227154076680415
2021-01-11,38346.53125,30549.599609375,38346.53125,35566.65625,123320567399.0,35566.65625,37880.44140625,28235.094921875,19984.908235677085,42715.16190686198,20090.816608763023,-0.07273315912449108,3.8223233583548617
2021-01-12,36568.52734375,32697.9765625,35516.359375,33922.9609375,74773277909.0,33922.9609375,37870.517299107145,28727.780859375,20234.835503472223,42617.77494650299,21256.365092559503,-0.046214502171538774,3.5838848647340775
2021-01-13,37599.9609375,32584.66796875,33915.12109375,37316.359375,69364315979.0,37316.359375,37940.802455357145,29330.1046875,20521.735611979166,42817.48278352429,22414.698271163208,0.10003249550509552,4.076206286468065
2021-01-14,39966.40625,36868.5625,37325.109375,39187.328125,63615990033.0,39187.328125,37914.55747767857,29989.1130859375,20831.34900173611,43222.95584089953,23461.478924725474,0.050138030111625875,4.347757449607137
2021-01-15,39577.7109375,34659.58984375,39156.70703125,36825.3671875,67760757881.0,36825.3671875,37347.09430803572,30506.2720703125,21114.318619791666,43296.09102535845,24427.17674807905,-0.06027358971670127,4.004956282019952
2021-01-16,37864.3671875,35633.5546875,36821.6484375,36178.140625,57706187875.0,36178.140625,36764.75055803572,30952.038020833334,21388.705078125,43130.74500939191,25583.107334358087,-0.017575563040677422,3.911042438747734
2021-01-17,36722.3515625,34069.3203125,36163.6484375,35791.27734375,52359854336.0,35791.27734375,36398.298549107145,31373.815234375,21655.918858506946,42884.325655911154,26700.17356283885,-0.010693288117263444,3.8549122276507104
2021-01-18,37299.28515625,34883.84375,35792.23828125,36630.07421875,49511702429.0,36630.07421875,36550.21540178572,31799.156640625,21930.51596137153,42581.41987890807,27929.843011716934,0.023435790428599335,3.9766179239168538
2021-01-19,37755.890625,36069.8046875,36642.234375,36069.8046875,57244195486.0,36069.8046875,36856.90736607143,32218.906966145834,22188.806130642362,42294.9408778523,28939.20716902269,-0.015295342507474663,3.8953235817328347
2021-01-20,36378.328125,33570.4765625,36050.11328125,35547.75,66834573161.0,35547.75,36604.24888392857,32643.729231770834,22439.71566840278,41854.58847731918,30034.16249924332,-0.014473454791977813,3.81958042045678
2021-01-21,35552.6796875,30250.75,35549.3984375,30825.69921875,75643067688.0,30825.69921875,35409.73046875,32878.48489583333,22638.53967013889,41614.84902805323,30419.056636009278,-0.1328368400602007,3.134764047774124
2021-01-22,33811.8515625,28953.373046875,30817.625,33005.76171875,77207272511.0,33005.76171875,34864.072544642855,33203.9654296875,22859.62521701389,41542.850514673606,30578.904563451397,0.07072224005462169,3.4508611631548516
2021-01-23,33360.9765625,31493.16015625,32985.7578125,32067.642578125,48354737975.0,32067.642578125,34276.85853794643,33481.68854166667,23071.141536458334,41605.51230177249,30444.804690415003,-0.02842289017956734,3.314824467527202
2021-01-24,32944.0078125,31106.685546875,32064.376953125,32289.37890625,48643830599.0,32289.37890625,33776.58733258928,33735.841471354164,23284.63187934028,41574.44936199859,30507.614114563916,0.006914643868341619,3.3469765064034367
2021-01-25,34802.7421875,32087.787109375,32285.798828125,32366.392578125,59897054838.0,32366.392578125,33167.489955357145,33933.486653645836,23492.544921875,41664.99758912977,30254.462176495228,0.0023851084933719235,3.358143868113132
2021-01-26,32794.55078125,31030.265625,32358.61328125,32569.849609375,60255421470.0,32569.849609375,32667.49637276786,34143.40514322917,23706.97341579861,41630.99731397528,29863.011084462218,0.006286058316783416,3.387646843029014
2021-01-27,32564.029296875,29367.138671875,32564.029296875,30432.546875,62576762015.0,30432.546875,31936.753069196428,34254.996419270836,23895.803016493057,41379.665515414345,29220.49327364815,-0.06562212475675022,3.0777719759638815
2021-01-28,31891.30078125,30023.20703125,30441.041015625,31649.60546875,78948162368.0,31649.60546875,32054.453962053572,34397.902018229164,24096.948383246527,40545.59295825145,29139.76544018605,0.039992005885968185,3.2542119134542147
2021-01-29,38406.26171875,32064.814453125,34318.671875,34316.38671875,117894572511.0,34316.38671875,32241.686104910714,34580.41647135417,24325.119401041666,39649.14273149413,29442.399651318374,0.08425954164367422,3.6409504970243
2021-01-30,34834.70703125,32940.1875,34295.93359375,34269.5234375,65141828798.0,34269.5234375,32556.24051339286,34756.00989583333,24553.257335069444,39119.243899446556,29563.606686490944,-0.0013656239986477026,3.634152880738914
2021-01-31,34288.33203125,32270.17578125,34270.87890625,33114.359375,52754542671.0,33114.359375,32674.094866071428,34880.68346354167,24770.63366970486,38990.099084460584,29447.521813976913,-0.03370820328466961,3.466610301334721
2021-02-01,34638.21484375,32384.228515625,33114.578125,33537.17578125,61400400660.0,33537.17578125,32841.349609375,34927.680403645834,24988.265614149306,38978.958171491846,29420.084211320664,0.012768370405776608,3.5279310305912865
2021-02-02,35896.8828125,33489.21875,33533.19921875,35510.2890625,63088585433.0,35510.2890625,33261.412388392855,35018.62259114583,25225.783192274306,38705.4328789765,29513.002472586,0.05883361479570781,3.814145573449134
2021-02-03,37480.1875,35443.984375,35510.8203125,37472.08984375,61166818159.0,37472.08984375,34267.06138392857,35201.96178385417,25469.03031684028,38271.5333154626,29775.378207974907,0.055245981743407446,4.098806091989073
2021-02-04,38592.17578125,36317.5,37475.10546875,36926.06640625,68838074392.0,36926.06640625,35020.841517857145,35299.749674479164,25706.365711805556,38290.76606476232,29766.215380550184,-0.014571470120209207,4.019568757736807
2021-02-05,38225.90625,36658.76171875,36931.546875,38144.30859375,58598066402.0,38144.30859375,35567.6875,35343.7478515625,25965.371875,38678.69586647587,29574.902375711623,0.032991388091470286,4.1963652509174105
2021-02-06,40846.546875,38138.38671875,38138.38671875,39266.01171875,71326033653.0,39266.01171875,36281.47154017857,35340.246809895834,26229.66570095486,39357.18770341219,29243.883976275312,0.029406828078771152,4.3591791239457525
2021-02-07,39621.8359375,37446.15234375,39250.19140625,38903.44140625,65500641143.0,38903.44140625,37108.48325892857,35277.10787760417,26491.567100694443,39783.86142645039,29044.54697198711,-0.009233693380855112,4.3065496360357285
2021-02-08,46203.9296875,38076.32421875,38886.828125,46196.46484375,101467222687.0,46196.46484375,38916.953125,35475.17180989583,26834.962239583332,42430.684442649814,27410.38997141269,0.18746473766529936,5.365668891137894
2021-02-09,48003.72265625,45166.9609375,46184.9921875,46481.10546875,91809846886.0,46481.10546875,40484.212611607145,35745.9939453125,27176.959635416668,44588.46307910349,26345.94688183401,0.006161523959955284,5.407025142097286
2021-02-10,47145.56640625,43881.15234375,46469.76171875,44918.18359375,87301089896.0,44918.18359375,41547.94029017857,36057.7115234375,27495.20230034722,45937.88129608359,26405.777102353906,-0.03362488605290981,5.179961185071293
2021-02-11,48463.46875,44187.76171875,44898.7109375,47909.33203125,81388911810.0,47909.33203125,43116.978236607145,36523.92389322917,27846.219227430556,47868.32672640626,25965.688703281237,0.0665910372634968,5.614557163755043
2021-02-12,48745.734375,46424.9765625,47877.03515625,47504.8515625,76555041196.0,47504.8515625,44454.19866071428,36863.540299479166,28195.51603732639,49353.8839444436,26023.8523836814,-0.008442623839676311,5.555779616082417
2021-02-13,48047.74609375,46392.28125,47491.203125,47105.515625,70250456155.0,47105.515625,45574.12779017857,37127.4798828125,28541.62634548611,50524.80396550969,26334.54603449032,-0.008406213773231364,5.497752356780209
2021-02-14,49487.640625,47114.5078125,47114.5078125,48717.2890625,71248675228.0,48717.2890625,46976.10602678572,37523.877278645836,28897.194986979168,51817.79286201218,26676.64678642532,0.03421623595697554,5.731974538229918
2021-02-15,48875.5703125,46347.4765625,48696.53515625,47945.05859375,77069903166.0,47945.05859375,47225.90513392857,37916.10787760417,29233.85779079861,52746.688936698105,27285.271610176886,-0.01585126109458379,5.619748942305158
2021-02-16,50341.1015625,47201.3046875,47944.45703125,49199.87109375,77049582886.0,49199.87109375,47614.30022321428,38363.06100260417,29582.700737847223,53475.72198942267,28432.970979327318,0.026171883752032166,5.8021115102040985
2021-02-17,52533.9140625,49072.37890625,49207.27734375,52149.0078125,80820545404.0,52149.0078125,48647.275111607145,38880.3587890625,29964.166493055556,54648.873762588955,29309.75944053605,0.05994196027730325,6.230810904816518
2021-02-18,52474.10546875,51015.765625,52140.97265625,51679.796875,52054723579.0,51679.796875,49185.91294642857,39400.69186197917,30331.482964409723,55684.63219411942,30010.342024630576,-0.008997504596578998,6.162595216767471
2021-02-19,56113.65234375,50937.27734375,51675.98046875,55888.1328125,63495496918.0,55888.1328125,50383.52455357143,40078.70462239583,30745.326302083333,57351.66655486742,30505.168601382582,0.08143096900475189,6.774537684916401
2021-02-20,57505.2265625,54626.55859375,55887.3359375,56099.51953125,68145460026.0,56099.51953125,51668.38225446428,40921.165299479166,31164.5431640625,58538.32506387517,31617.026107999824,0.0037823185014820293,6.805282709546041
2021-02-21,58330.5703125,55672.609375,56068.56640625,57539.9453125,51897585191.0,57539.9453125,52928.76171875,41738.971419270834,31599.830099826388,59686.111057739705,32869.5170672603,0.025676258785917394,7.014801514091941
2021-02-22,57533.390625,48967.56640625,57532.73828125,54207.3203125,92052420332.0,54207.3203125,53823.37053571428,42476.960677083334,31989.82849392361,60055.235136299205,34370.0961137008,-0.05791845963531039,6.530095841357075
2021-02-23,54204.9296875,45290.58984375,54204.9296875,48824.42578125,106102492824.0,48824.42578125,53769.73549107143,43028.12890625,32324.187434895834,59786.42328955057,35774.141554199436,-0.09930198541853996,5.74754512657557
2021-02-24,51290.13671875,47213.5,48835.0859375,49705.33203125,63695521388.0,49705.33203125,53420.638950892855,43606.0935546875,32685.90642361111,59300.67911516096,37537.812291089045,0.018042326886684945,5.875577694969286
2021-02-25,51948.96875,47093.8515625,49709.08203125,47093.8515625,54506565949.0,47093.8515625,52765.50390625,44090.226953125,33019.078081597225,58649.67459949879,39083.77110362622,-0.052539242009451814,5.496057499664175
2021-02-26,48370.78515625,44454.84375,47180.46484375,46339.76171875,350967941479.0,46339.76171875,51401.450892857145,44620.467447916664,33337.104166666664,58002.13982568926,40438.68087743575,-0.016012490351298148,5.386488729231847
2021-02-27,48253.26953125,45269.02734375,46344.7734375,46188.453125,45910946382.0,46188.453125,49985.584263392855,45105.095703125,33648.33715277778,57073.790129554465,42095.53174544553,-0.003265200081699504,5.364504865867631
2021-02-28,46716.4296875,43241.6171875,46194.015625,45137.76953125,53443887451.0,45137.76953125,48213.84486607143,45465.80846354167,33931.80308159722,57135.77557623337,41927.676767516634,-0.022747754528746222,5.211860410725613
2021-03-01,49784.015625,45115.09375,45159.50390625,49631.2421875,53891300112.0,49631.2421875,47560.119419642855,45977.86575520833,34274.339127604166,57156.49338867824,42221.972626946765,0.09955017057586457,5.86480885332664
2021-03-02,50127.51171875,47228.84375,49612.10546875,48378.98828125,47530897720.0,48378.98828125,47496.48549107143,46486.68671875,34598.537977430555,57017.9094286548,42706.637055720195,-0.025231161886280384,5.6828092345440435
2021-03-03,52535.13671875,48274.3203125,48415.81640625,50538.2421875,53220811975.0,50538.2421875,47615.47265625,47053.388932291666,34944.01401909722,57094.67880471014,42892.75869528986,0.04463205996986197,5.996645924355111
2021-03-04,51735.08984375,47656.9296875,50522.3046875,48561.16796875,52343816680.0,48561.16796875,47825.08928571428,47488.418229166666,35275.80737847222,57084.98852307706,43008.08061754794,-0.039120359814156846,5.709285201540666
2021-03-05,49396.4296875,46542.515625,48527.03125,48927.3046875,48625928883.0,48927.3046875,48194.73828125,47870.25872395833,35606.61931423611,57062.04836263627,43213.19968423873,0.007539701660092213,5.762497087956472
2021-03-06,49147.21875,47257.52734375,48899.23046875,48912.3828125,34363564661.0,48912.3828125,48583.87109375,48269.80260416667,35935.14444444444,57063.92349153079,43230.833930344204,-0.0003049805235605385,5.760328398448768
2021-03-07,51384.3671875,48918.6796875,48918.6796875,51206.69140625,43137459378.0,51206.69140625,49450.85993303572,48705.21536458333,36290.86733940972,57161.865549606504,43459.05515351849,0.046906498146797926,6.093816781819656
2021-03-08,52314.0703125,49506.0546875,51174.1171875,52246.5234375,48597428048.0,52246.5234375,49824.47154017857,49137.899088541664,36667.815993923614,57345.634409072576,43579.951528427424,0.020306565464276005,6.244988526330762
2021-03-09,54824.1171875,51981.83203125,52272.96875,54824.1171875,50912227385.0,54824.1171875,50745.20424107143,49668.58828125,37070.81822916667,57717.22511769381,43475.871757306195,0.049335220420617,6.619792298192149
2021-03-10,57258.25390625,53290.890625,54824.01171875,56008.55078125,57295577614.0,56008.55078125,51526.67689732143,49995.6578125,37490.19110243056,58324.71183678507,43301.26042883992,0.021604243798385436,6.792051731535851
2021-03-11,58091.0625,54484.59375,55963.1796875,57805.12109375,56772343595.0,57805.12109375,52847.24162946428,50373.125,37931.81573350694,58735.54695930278,43082.12413444722,0.032076714848716215,7.053376136775143
2021-03-12,57996.62109375,55376.6484375,57821.21875,57332.08984375,55689944702.0,57332.08984375,54047.92522321428,50786.921875,38359.909440104166,58986.392138152914,42954.53598684709,-0.008183206626845796,6.9845658541086015
2021-03-13,61683.86328125,56217.97265625,57343.37109375,61243.0859375,60669829814.0,61243.0859375,55809.45424107143,51231.38033854167,38827.69503038195,59944.307033607634,42366.935153892366,0.06821652767950437,7.553577125316057
2021-03-14,61597.91796875,59302.31640625,61221.1328125,59302.31640625,43901225564.0,59302.31640625,56965.97209821428,51624.629166666666,39272.75805121528,60843.264965065995,41977.476831809,-0.031689610370558396,7.2711884910330955
2021-03-15,60540.9921875,55393.1640625,59267.4296875,55907.19921875,66419369890.0,55907.19921875,57488.92578125,51918.01861979167,39678.20386284722,61319.653112796805,42209.36602782819,-0.05725100456855314,6.777310761597056
2021-03-16,56833.1796875,53555.02734375,55840.78515625,56804.90234375,59749798599.0,56804.90234375,57771.89508928572,52187.605729166666,40072.58502604167,61877.87234391428,42361.10382796072,0.01605702194966918,6.907881328685484
2021-03-17,58969.81640625,54528.62890625,56825.828125,58870.89453125,60258313191.0,58870.89453125,58180.80133928572,52551.80026041667,40473.315386284725,62610.10329131296,42806.57717743704,0.036369962842253134,7.208421985558135
2021-03-18,60116.25,54253.578125,58893.078125,57858.921875,55746041000.0,57858.921875,58188.48716517857,52840.435286458334,40859.103841145836,62963.88584390264,43604.71064047236,-0.017189693893861602,7.061202554459451
2021-03-19,59498.375,56643.703125,57850.44140625,58346.65234375,49063873786.0,58346.65234375,58333.42466517857,53047.0234375,41242.17962239583,63216.018101748385,44568.39830450162,0.008429650137686817,7.132154694095577
2021-03-20,60031.28515625,58213.296875,58332.26171875,58313.64453125,50361731222.0,58313.64453125,57914.93303571428,53268.151692708336,41629.25017361111,63100.08643492072,46001.91747132928,-0.0005657190459794625,7.12735280964614
2021-03-21,58767.8984375,56005.6171875,58309.9140625,57523.421875,51943414539.0,57523.421875,57660.80524553572,53322.661328125,42015.031727430556,63264.00444440529,46627.21743059471,-0.013551247955811196,7.012397913053863
2021-03-22,58471.48046875,54288.15625,57517.890625,54529.14453125,56521454974.0,54529.14453125,57463.94029017857,53270.31549479167,42356.655230034725,62983.32096847129,47522.91653152871,-0.05205318540083803,6.576895789722811
2021-03-23,55985.44140625,53470.6953125,54511.66015625,54738.9453125,56435023914.0,54738.9453125,57168.80357142857,53176.948828125,42706.62855902778,62875.70575173731,48050.60206076269,0.0038474981233158623,6.607406015647831
2021-03-24,57262.3828125,52514.33203125,54710.48828125,52774.265625,70567223787.0,52774.265625,56297.85658482143,53129.180338541664,43029.27651909722,62474.7118840348,48872.90569409021,-0.035891807492523076,6.321718537497233
2021-03-25,53392.38671875,50856.5703125,52726.74609375,51704.16015625,67999812841.0,51704.16015625,55418.60491071428,53225.171484375,43329.71395399306,62129.80598801541,49495.497136984595,-0.020277031922222966,6.166137160435434
2021-03-26,55137.3125,51579.85546875,51683.01171875,55137.3125,56652197978.0,55137.3125,54960.12779017857,53406.2375,43648.60590277778,61561.78611828244,50686.00997546756,0.06639992475218648,6.665340234989019
2021-03-27,56568.21484375,54242.91015625,55137.56640625,55973.51171875,47266542233.0,55973.51171875,54625.82310267857,53702.226171875,43978.61942274305,61286.25203488415,51438.226090115844,0.015165759461888806,6.786955495816462
2021-03-28,56610.3125,55071.11328125,55974.94140625,55950.74609375,47686580918.0,55950.74609375,54401.15513392857,54022.59231770833,44299.352061631944,61082.97525413176,52011.92513649324,-0.0004067213991215679,6.7836443723737005
2021-03-28,58342.09765625,55139.33984375,55947.8984375,57750.19921875,57625587027.0,57750.19921875,54861.30580357143,54407.98385416667,44636.99385850695,61183.76242395653,52203.74616979347,0.03216137854506651,7.045386674604176
2021-03-29,59447.22265625,57251.55078125,57750.1328125,58917.69140625,54414116432.0,58917.69140625,55458.26953125,54867.31458333333,44971.17983940972,61423.2582441797,52255.1644120703,0.020216245195582738,7.215230225376677
2021-03-30,59930.02734375,57726.41796875,58930.27734375,58918.83203125,65520826225.0,58918.83203125,56336.064732142855,55176.90091145833,45303.5921875,61554.779008176796,52235.0147418232,1.9359634988669328e-05,7.215396169490544
2021-03-31,59586.0703125,58505.27734375,58926.5625,59095.80859375,61669163792.0,59095.80859375,57392.01450892857,55534.128255208336,45633.8328125,61743.47248279686,52222.693142203134,0.0030037350775407035,7.241143863236191
2021-04-01,60267.1875,58869.28125,59098.87890625,59384.3125,58727860620.0,59384.3125,57998.728794642855,55828.997265625,45936.6888671875,61364.32144376311,52415.96683748689,0.004881969011259368,7.283118185739184
2021-04-02,60110.26953125,57603.890625,59397.41015625,57603.890625,59641344484.0,57603.890625,58231.64006696428,56130.42135416667,46212.48739149306,61149.20534553684,52461.24035758817,-0.029981350293480258,7.024103429113009
2021-04-03,58913.74609375,57168.67578125,57604.83984375,58758.5546875,50749662970.0,58758.5546875,58632.755580357145,56458.1296875,46510.11673177083,61354.38666129132,52541.194588708684,0.0200448971410081,7.192078353641773
2021-04-04,59891.296875,57694.82421875,58760.875,59057.87890625,60706272115.0,59057.87890625,58819.56696428572,56796.312890625,46788.62172309028,61565.73881937355,52555.14008687645,0.005094138552963257,7.235625571425739
2021-04-05,59479.578125,57646.80859375,59171.93359375,58192.359375,66058027988.0,58192.359375,58715.94810267857,57029.16848958333,47026.043901909725,61484.37755889754,52568.64783172746,-0.014655445594718208,7.109708712252197
2021-04-06,58731.14453125,55604.0234375,58186.5078125,56048.9375,75645303584.0,56048.9375,58305.963169642855,57155.915625,47211.353841145836,61396.2141322472,52475.81282087779,-0.036833390122360865,6.797925775746554
2021-04-07,58338.73828125,55879.0859375,56099.9140625,58323.953125,53053855641.0,58323.953125,58195.69810267857,57272.576822916664,47406.09099392361,61393.57907364618,52476.177957603824,0.04058980823677527,7.128852473489511
2021-04-08,58937.046875,57807.86328125,58326.5625,58245.00390625,46655208546.0,58245.00390625,58032.939732142855,57347.125260416666,47605.9849609375,61385.781992748955,52477.11097600105,-0.0013536328475677317,7.117367211033618
2021-04-09,61276.6640625,58038.70703125,58253.77734375,59793.234375,58238470525.0,59793.234375,58345.703125,57413.395703125,47844.171549479164,61674.97724854577,52414.89697020423,0.026581343719059625,7.342613995833906
2021-04-10,60790.5546875,59289.796875,59846.23046875,60204.96484375,46280252580.0,60204.96484375,58552.33314732143,57509.158203125,48117.93053385417,62005.04824154599,52652.40800845401,0.006885903949730876,7.402520705346342
2021-04-11,61253.03515625,59589.875,60175.9453125,59893.453125,51828688519.0,59893.453125,58671.700892857145,57464.17044270833,48406.49155815972,62229.84720364443,52943.05982760557,-0.005174186540237491,7.357195597338043
2021-04-12,63742.28515625,59869.95703125,59890.01953125,63503.45703125,69983454362.0,63503.45703125,59430.42912946428,57604.20846354167,48697.459309895836,62902.546398713755,53343.279773161245,0.06027376479221824,7.882530947313044
2021-04-13,64863.09765625,61554.796875,63523.75390625,63109.6953125,77451779687.0,63109.6953125,60439.10881696428,57844.291666666664,48963.26338975695,62940.208502443165,54446.17118505683,-0.00620063437737306,7.825221746897165
2021-04-14,63821.671875,62208.96484375,63075.1953125,63314.01171875,60954381579.0,63314.01171875,61151.974330357145,58061.261979166666,49257.58166232639,63479.992518150866,54724.05709122413,0.003237480473297971,7.854958292608638
2021-04-15,63594.72265625,60222.53125,63258.50390625,61572.7890625,84293007468.0,61572.7890625,61627.37220982143,58151.32513020833,49539.74442274305,63631.839263076545,55132.13808067345,-0.027501379378466195,7.601555006035064
2021-04-16,62572.17578125,60361.3515625,61529.921875,60683.8203125,66138759198.0,60683.8203125,61754.59877232143,58245.48841145833,49816.328233506945,63581.41873912956,55655.86602649543,-0.014437688523377457,7.4721969286263255
2021-04-17,61057.45703125,52829.53515625,60701.88671875,56216.18359375,97468872758.0,56216.18359375,61184.77287946428,58174.47278645833,50033.951671006944,63711.00230343291,55372.88089969209,-0.0736215468265391,6.82225112322171
2021-04-18,57520.0546875,54368.59375,56191.5859375,55724.265625,65344865159.0,55724.265625,60589.17466517857,58088.16015625,50252.3345703125,63883.38437436438,54881.15625063561,-0.008750468945115109,6.750704552999375
2021-04-19,57062.1484375,53448.046875,55681.79296875,56473.03125,67849323955.0,56473.03125,59584.828125,58053.147135416664,50484.8376953125,63943.31987921046,54576.640667664535,0.013436976092944253,6.859609474171279
2021-04-20,56757.97265625,53695.46875,56471.12890625,53906.08984375,54926612466.0,53906.08984375,58270.02734375,58032.378645833334,50741.28648003472,64261.582140339706,53739.4065315353,-0.045454287638402646,6.486292040268638
2021-04-21,55410.23046875,50583.8125,53857.10546875,51762.2734375,74798630778.0,51762.2734375,56619.779017857145,57933.15625,50949.69216579861,64789.186623597954,52449.59814202704,-0.0397694659817468,6.174585729852488
2021-04-22,52120.79296875,47714.6640625,51739.80859375,51093.65234375,86668667320.0,51093.65234375,55122.759486607145,57877.13580729167,51161.092274305556,65317.173650670244,51270.58728682976,-0.012917150838772984,6.077384071285478
2021-04-23,51167.5625,48805.28515625,51143.2265625,50050.8671875,49014494781.0,50050.8671875,53603.76618303572,57822.026041666664,51358.44214409722,65782.3671381807,49934.62504931929,-0.02040928977310741,5.92580184951957
2021-04-24,50506.01953125,47159.484375,50052.83203125,49004.25390625,46117114240.0,49004.25390625,52573.490513392855,57617.59075520833,51543.30726996528,66183.3679453041,48528.2617421959,-0.02091099195802515,5.773680657460273
2021-04-25,54288.00390625,48852.796875,49077.79296875,54021.75390625,58284039825.0,54021.75390625,52330.27455357143,57552.53216145833,51781.66176215278,66087.9486625315,48206.620478093486,0.10238907033660749,6.503111313845164
2021-04-26,55416.96484375,53319.1875,54030.3046875,55033.1171875,49448222757.0,55033.1171875,52124.572544642855,57521.94453125,52055.00143229167,66074.89156367866,48118.095545696335,0.018721407731506323,6.650186971188229
2021-04-27,56227.20703125,53887.91796875,55036.63671875,54824.703125,48000572955.0,54824.703125,52255.803013392855,57424.427994791666,52312.502517361114,65935.52466192615,47907.53744744885,-0.003787066282106566,6.619877509639222
2021-04-28,55115.84375,52418.02734375,54858.08984375,53555.109375,46088929780.0,53555.109375,52511.92243303572,57245.67526041667,52526.266102430556,65799.53604375328,47574.536612496726,-0.02315733013830157,6.435255483056212
2021-04-29,57900.71875,53129.6015625,53568.6640625,57750.17578125,52395931985.0,57750.17578125,53462.85435267857,57206.720052083336,52787.16223958333,65596.01029028103,47573.75650659397,0.07833176806484676,7.045383265169789
2021-04-30,58448.33984375,57052.2734375,57714.6640625,57828.05078125,42836427360.0,57828.05078125,54573.880580357145,57164.46145833333,53061.75881076389,65337.75415876229,47594.32123186271,0.0013484807439372304,7.056711721197353
2021-05-01,57902.59375,56141.90625,57825.86328125,56631.078125,38177405335.0,56631.078125,55663.42689732143,57072.68697916667,53318.35772569444,65028.053045575994,47577.784845049006,-0.020698824187899145,6.882597771120804
2021-05-02,58973.30859375,56590.87109375,56620.2734375,57200.29296875,51713139031.0,57200.29296875,56117.50390625,57059.233723958336,53559.35776909722,64047.78387944008,47927.73760493492,0.010051280367532334,6.965394357124047
2021-05-03,57214.1796875,53191.42578125,57214.1796875,53333.5390625,68564706967.0,53333.5390625,55874.70703125,56878.39986979167,53735.59609375,62899.139993779194,48098.7658655958,-0.06760024652955021,6.403037584438092
2021-05-04,57911.36328125,52969.0546875,53252.1640625,57424.0078125,69241316747.0,57424.0078125,56246.03627232143,56823.9375,53963.350998263886,61709.82275737046,48699.082711379546,0.07669599321369813,6.997936611253903
2021-05-05,58363.31640625,55382.5078125,57441.30859375,56396.515625,69523285106.0,56396.515625,56651.951450892855,56764.07604166667,54166.15329861111,60759.322592867546,49131.95553213245,-0.01789307689659958,6.848480220321321
2021-05-06,58606.6328125,55321.84765625,56413.953125,57356.40234375,68434023376.0,57356.40234375,56595.69810267857,56807.658203125,54367.157638888886,60068.30990259981,49490.226425525194,0.017020319573156195,6.988102436587869
2021-05-07,59464.61328125,56975.2109375,57352.765625,58803.77734375,65382980634.0,58803.77734375,56735.087611607145,56823.65234375,54588.27248263889,60465.50209316575,49351.79360995925,0.02523475916996243,7.198657498669028
2021-05-08,59210.8828125,56482.00390625,58877.390625,58232.31640625,65906690347.0,58232.31640625,56963.8359375,56823.22942708333,54722.004166666666,60778.43918445117,49289.66159679883,-0.009718099130935132,7.115521484902479
2021-05-09,59519.35546875,54071.45703125,58250.87109375,55859.796875,71776546298.0,55859.796875,56772.33649553572,56692.11484375,54826.21184895833,60721.925491402675,49284.851852347325,-0.04074231762821234,6.770416428772724
2021-05-10,56872.54296875,54608.65234375,55847.2421875,56704.57421875,61308396325.0,56704.57421875,57253.91294642857,56575.43515625,54957.17174479167,60885.69993782394,49400.925843426056,0.01512317249631967,6.893288074661731
2021-05-11,57939.36328125,49150.53515625,56714.53125,49150.53515625,75215403907.0,49150.53515625,56071.98828125,56217.337890625,54970.962890625,61181.78614718777,48843.66580593723,-0.1332174549686006,5.794941003870753
2021-05-12,51330.84375,46980.01953125,49735.43359375,49716.19140625,96721152926.0,49716.19140625,55117.65625,55757.762369791664,54995.53333333333,61324.27465275927,48563.43120661573,0.011508648851976444,5.8771560953898145
2021-05-13,51438.1171875,48868.578125,49682.98046875,49880.53515625,55737497453.0,49880.53515625,54049.67522321428,55316.790364583336,55026.36688368056,61343.65145658252,48527.02119966748,0.00330563837155351,5.901043543778062
2021-05-14,50639.6640625,46664.140625,49855.49609375,46760.1875,59161047474.0,46760.1875,52329.162388392855,54764.99622395833,55004.62131076389,61728.04226361807,47918.22375200694,-0.06255641898138342,5.447575123896778
2021-05-15,49720.04296875,43963.3515625,46716.63671875,46456.05859375,64047871555.0,46456.05859375,50646.83984375,54261.105208333334,54988.07686631945,62298.418060124844,46591.27842425016,-0.0065040138312105755,5.403385953837354
2021-05-16,46623.55859375,42207.2890625,46415.8984375,43537.51171875,74903638450.0,43537.51171875,48886.513392857145,53689.56158854167,54925.16176215278,63103.755002576494,44636.38093492351,-0.06282381595309616,4.97941098521218
2021-05-17,45812.45703125,42367.83203125,43488.05859375,42909.40234375,56187365084.0,42909.40234375,46915.77455357143,53246.002213541666,54822.49947916667,63708.2130325027,42840.3928268723,-0.014426855146374762,4.888186167037853
2021-05-18,43546.1171875,30681.49609375,42944.9765625,37002.44140625,126358098747.0,37002.44140625,45180.33258928572,52621.94140625,54659.41775173611,65163.097898513224,39730.24116398678,-0.13766122609163733,4.030651689593053
2021-05-19,42462.984375,35050.6171875,36753.66796875,40782.73828125,88281943359.0,40782.73828125,43904.125,52098.931640625,54491.580034722225,65066.67216364101,38129.92314885899,0.10216344466291027,4.57937080537156
2021-05-20,42172.171875,33616.453125,40596.94921875,37304.69140625,82051616861.0,37304.69140625,42107.575892857145,51545.55169270833,54282.748611111114,65125.64778645344,36018.611588546555,-0.08528232829817228,4.074513036764383
2021-05-21,38831.0546875,35383.68359375,37371.03125,37536.6328125,57377273240.0,37536.6328125,40789.92522321428,51071.363671875,54060.489583333336,64980.08710547278,34254.72773827722,0.006217486259949112,4.108172802265774
2021-05-22,38289.21875,31227.33984375,37531.44921875,34770.58203125,78469274361.0,34770.58203125,39120.57142857143,50527.261328125,53844.52582465278,64775.260590811995,32216.583159188005,-0.0736893688644572,3.7068351101730985
2021-05-23,39835.140625,34551.08203125,34700.36328125,38705.98046875,67359584098.0,38705.98046875,38430.35267857143,50149.0984375,53732.09865451389,64438.33218048459,31090.75571014041,0.11318183957815453,4.277888005101088
2021-05-24,39776.3515625,36581.4296875,38795.78125,38402.22265625,56211915803.0,38402.22265625,37786.46986607143,49795.69739583333,53606.50855034722,63336.66750889689,30290.24186610311,-0.007847826326095597,4.233798862374527
2021-05-25,40782.078125,37905.8359375,38392.625,39294.19921875,51346735160.0,39294.19921875,38113.86383928572,49304.77890625,53519.845746527775,62160.40731064049,29756.27042373451,0.023227211885217036,4.363270839194652
2021-05-26,40379.6171875,37247.90234375,39316.890625,38436.96875,43210968721.0,38436.96875,37778.75390625,48751.573958333334,53432.03693576389,60610.38502930925,29414.349345690753,-0.021815700174415475,4.238842011710466
2021-05-27,38856.96875,34779.0390625,38507.08203125,35697.60546875,55200191952.0,35697.60546875,37549.170200892855,48114.00403645833,53315.47196180555,58550.654016761735,29163.463170738265,-0.07126897282320166,3.8413218239199334
2021-05-28,37234.5,33693.9296875,35684.15625,34616.06640625,45231013335.0,34616.06640625,37131.94642857143,47482.70260416667,53198.56414930556,56259.47748893906,29093.01469856094,-0.03029724398312339,3.6844208645166705
2021-05-29,36400.66796875,33520.73828125,34607.40625,35678.12890625,31646080921.0,35678.12890625,37261.595982142855,46746.96770833333,53043.529557291666,54074.269985814026,29260.055404810977,0.03068120125307594,3.8384960874006566
2021-05-30,37468.25,34241.9453125,35658.59375,37332.85546875,39009847639.0,37332.85546875,37065.435267857145,46063.79453125,52920.79474826389,51010.51953462426,30386.63398100074,0.04637929771620186,4.0786001961986775
2021-05-31,37896.734375,35787.0859375,37293.79296875,36684.92578125,34639423297.0,36684.92578125,36820.107142857145,45398.92278645833,52766.86901041667,49721.68640461053,30428.90617351446,-0.017355481635803582,3.9845771804641363
2021-06-01,38231.33984375,35966.30859375,36699.921875,37575.1796875,33070867190.0,37575.1796875,36574.532924107145,44744.75234375,52644.802473958334,48026.83039704718,30909.66100920282,0.02426756732611457,4.113766907239767
2021-06-02,39478.953125,37243.97265625,37599.41015625,39208.765625,35460750427.0,39208.765625,36684.78962053572,44273.9265625,52536.81870659722,45951.80527272416,31917.50918040084,0.043475133082156336,4.350869294750935
2021-06-03,39242.484375,35717.72265625,39242.484375,36894.40625,41831090187.0,36894.40625,36855.76116071428,43589.60651041667,52403.285633680556,44457.99004955253,32424.74627857247,-0.05902658087058821,4.014974524972982
2021-06-04,37917.71484375,34900.4140625,36880.15625,35551.95703125,35959473399.0,35551.95703125,36989.45982142857,42894.787890625,52229.344140625,42710.99154772267,33081.33462415233,-0.03638625350557034,3.820190780116244
2021-06-05,36436.421875,35304.578125,35538.609375,35862.37890625,28913440585.0,35862.37890625,37015.78125,42178.32044270833,52047.29809027778,41603.04538166498,33421.76750896002,0.008731498936251025,3.86522814369243
2021-06-06,36790.5703125,33480.640625,35835.265625,33560.70703125,33683936663.0,33560.70703125,36476.90290178572,41336.884765625,51811.037977430555,40646.19255863707,33443.75080073793,-0.06418068028941804,3.5313438748079427
2021-06-07,34017.38671875,31114.443359375,33589.51953125,33472.6328125,49902050442.0,33472.6328125,36018.00390625,40511.56197916667,51560.63888888889,40808.52078660633,32928.441713393666,-0.0026243254847995168,3.5185701380176195
2021-06-08,37537.37109375,32475.865234375,33416.9765625,37345.12109375,53972919008.0,37345.12109375,35985.138392857145,39894.40611979167,51333.305555555555,40192.567893188934,33200.63288806106,0.11569117681725527,4.080380184952682
2021-06-09,38334.32421875,35847.59375,37389.515625,36702.59765625,43576032854.0,36702.59765625,35627.11439732143,39227.673567708334,51104.088975694445,40150.76507877356,33182.22632747644,-0.01720501684509279,3.9871414784834602
2021-06-10,37608.6953125,36044.44921875,36697.03125,37334.3984375,38699736985.0,37334.3984375,35689.970424107145,38833.80234375,50838.43689236111,40131.18174982672,33181.58621892329,0.01721406171757467,4.078824111804279
2021-06-11,37408.92578125,34728.19140625,37340.14453125,35552.515625,37924228550.0,35552.515625,35690.05022321428,38361.67981770833,50574.550217013886,40097.778587754714,33293.18274037029,-0.047727642256857994,3.8202718214008624
2021-06-12,39322.78125,34864.109375,35555.7890625,39097.859375,40669112838.0,39097.859375,36152.26171875,38002.25729166667,50387.779774305556,40170.22739203304,33259.921826716956,0.09972131894675185,4.334770360473843
2021-06-13,40978.36328125,38757.28515625,39016.96875,40218.4765625,43148914673.0,40218.4765625,37103.37165178572,37784.20026041667,50203.48615451389,40532.55652080383,33079.21808857117,0.028661855288592664,4.4974484125928225
2021-06-14,41295.26953125,39609.46875,40427.16796875,40406.26953125,46420149185.0,40406.26953125,38093.89118303572,37582.540625,49998.323654513886,40773.080141852784,32949.90149877222,0.004669320789865594,4.524712454395808
2021-06-15,40516.77734375,38176.03515625,40168.69140625,38347.0625,39211635100.0,38347.0625,38237.025669642855,37409.525651041666,49781.52521701389,40761.160913570566,32952.83010205443,-0.05096256237308472,4.225792808142338
2021-06-16,39513.671875,37439.67578125,38341.421875,38053.50390625,37096670047.0,38053.50390625,38430.01227678572,37247.662369791666,49556.045789930555,40873.82796034944,33075.75289902556,-0.007655308506355651,4.183186202532462
2021-06-17,38187.26171875,35255.85546875,38099.4765625,35787.24609375,36200887275.0,35787.24609375,38208.990513392855,37207.155859375,49305.75247395833,40816.690859739145,33250.00796838585,-0.0595545108824469,3.854327348855598
2021-06-18,36457.796875,34933.0625,35854.52734375,35615.87109375,31207279719.0,35615.87109375,38218.041294642855,37034.926953125,49062.33524305555,40818.37237136641,33242.1006755086,-0.004788717174578294,3.829463535393627
2021-06-19,36059.484375,33432.07421875,35563.140625,35698.296875,36664034054.0,35698.296875,37732.38950892857,36981.38046875,48853.10360243056,40779.44275555568,33117.57443194431,0.002314299179515533,3.841422136022314
2021-06-20,35721.640625,31295.935546875,35641.14453125,31676.693359375,52809038594.0,31676.693359375,36512.134765625,36786.049153645836,48596.85635850694,41197.914723098875,32198.279222213616,-0.11265533282181261,3.258139341399285
2021-06-21,33292.453125,28893.62109375,31622.376953125,32505.66015625,58964353058.0,32505.66015625,35383.476283482145,36710.5517578125,48371.64963107639,41293.97168396261,31595.270308224885,0.02616961270137308,3.3783387243419627
2021-06-22,34753.41015625,31772.6328125,32515.71484375,33723.02734375,46317108925.0,33723.02734375,34722.89983258928,36544.4533203125,48171.859266493055,40981.80874821122,31358.85941585129,0.0374509295196066,3.5548862866819335
2021-06-23,35228.8515625,32385.21484375,33682.80078125,34662.4375,33123368116.0,34662.4375,34238.46177455357,36419.79381510417,47944.36065538194,40902.92386229359,31214.547426768906,0.027856637741157764,3.691147460346142
2021-06-24,35487.24609375,31350.884765625,34659.10546875,31637.779296875,40230904226.0,31637.779296875,33645.68080357143,36164.579817708334,47673.96362847222,41094.23369656904,30631.819819055956,-0.0872604012088013,3.252497262385457
2021-06-25,32637.587890625,30184.501953125,31594.6640625,32186.27734375,38585385521.0,32186.27734375,33155.73883928572,35956.2234375,47409.91397569444,41162.7673703142,30195.6759890608,0.017336806155961115,3.3320265018697484
2021-06-26,34656.12890625,32071.7578125,32287.5234375,34649.64453125,35511640894.0,34649.64453125,33005.931361607145,35921.29140625,47153.24114583333,41149.85645307723,30317.480656297776,0.07653470332064805,3.689291705972947
2021-06-28,34810.99609375,34312.44921875,34767.6328125,34810.99609375,33196118016.0,34810.99609375,33453.68889508928,35927.7890625,46885.38897569444,41131.55216789203,30469.621269607964,0.004656658522268042,3.71269771940904
